{
  "start_local.ps1": 1776419562.991786,
  "backend\\alembic\\env.py": 1776419454.865156,
  "backend\\alembic\\versions\\6d190e4b1049_initial_sqlite_db.py": 1776419528.6327302,
  "backend\\app\\config.py": 1776450990.3242831,
  "backend\\app\\main.py": 1776449764.2991855,
  "backend\\app\\api\\routers.py": 1776450845.3694148,
  "backend\\app\\collectors\\collector_service.py": 1776450812.842644,
  "backend\\app\\db\\engine.py": 1776449574.3114357,
  "backend\\app\\models\\orm.py": 1776449575.094962,
  "backend\\app\\models\\urm.py": 1776418003.5356293,
  "backend\\app\\services\\ai_engine.py": 1776450795.8525987,
  "backend\\app\\services\\ai_remediation_agent.py": 1776450776.694808,
  "backend\\app\\services\\event_bus.py": 1776450753.1384819,
  "backend\\app\\services\\heuristic_engine.py": 1776449636.9164588,
  "backend\\app\\services\\mock_multi_cloud.py": 1776447206.5152786,
  "backend\\app\\services\\remediation_engine.py": 1776449672.5630207,
  "backend\\app\\services\\zombie_scanner.py": 1776447737.3340347,
  "backend\\app\\tasks\\celery_worker.py": 1776449615.9843843,
  "frontend-next\\eslint.config.mjs": 1776417973.1710703,
  "frontend-next\\next-env.d.ts": 1776419628.2251167,
  "frontend-next\\next.config.ts": 1776417973.303805,
  "frontend-next\\postcss.config.mjs": 1776417973.1989872,
  "frontend-next\\src\\app\\layout.tsx": 1776417973.342239,
  "frontend-next\\src\\app\\page.tsx": 1776446054.761833,
  "frontend-next\\src\\app\\(dashboard)\\layout.tsx": 1776449062.8246362,
  "frontend-next\\src\\app\\(dashboard)\\cost-explorer\\page.tsx": 1776449158.636917,
  "frontend-next\\src\\app\\(dashboard)\\dashboard\\page.tsx": 1776449116.960485,
  "frontend-next\\src\\app\\(dashboard)\\recommendations\\page.tsx": 1776449190.8932056,
  "frontend-next\\src\\app\\(dashboard)\\resources\\page.tsx": 1776449156.627261,
  "frontend-next\\src\\app\\(dashboard)\\settings\\page.tsx": 1776449209.803902,
  "frontend-next\\src\\app\\login\\page.tsx": 1776449087.555343,
  "frontend-next\\src\\app\\signup\\page.tsx": 1776449089.5749671,
  "frontend-next\\src\\components\\layout\\Navbar.tsx": 1776449041.937209,
  "frontend-next\\src\\components\\layout\\Sidebar.tsx": 1776449030.1304698,
  "frontend-next\\src\\components\\ui\\GlassCard.tsx": 1776448987.5511978,
  "frontend-next\\src\\components\\ui\\KpiWidget.tsx": 1776449028.105612,
  "frontend-next\\src\\components\\ui\\RemediationModal.tsx": 1776449188.8770013,
  "frontend-next\\src\\components\\ui\\Skeleton.tsx": 1776448989.5723886,
  "frontend-next\\src\\components\\ui\\ToggleSwitch.tsx": 1776449207.7790456,
  "frontend-next\\src\\lib\\mock-data.ts": 1776449010.7029202,
  "frontend-next\\src\\lib\\utils.ts": 1776448977.572721,
  "backend\\requirements.txt": 1776449546.661652,
  "frontend-next\\AGENTS.md": 1776418063.660241,
  "frontend-next\\CLAUDE.md": 1776418063.6608071,
  "frontend-next\\README.md": 1776417973.1341197,
  "memory\\PRD.md": 1776399935.8256595,
  "frontend-next\\public\\file.svg": 1776417973.2084284,
  "frontend-next\\public\\globe.svg": 1776417973.2186663,
  "frontend-next\\public\\next.svg": 1776417973.2423308,
  "frontend-next\\public\\vercel.svg": 1776417973.2635942,
  "frontend-next\\public\\window.svg": 1776417973.2745054,
  "test_video.mp4": 1776446656.4614813
}