{
  "start_local.ps1": 1776419562.991786,
  "backend\\alembic\\env.py": 1776419454.865156,
  "backend\\alembic\\versions\\6d190e4b1049_initial_sqlite_db.py": 1776419528.6327302,
  "backend\\app\\config.py": 1776720199.7984214,
  "backend\\app\\main.py": 1776720305.837485,
  "backend\\app\\api\\routers.py": 1776720293.3934436,
  "backend\\app\\collectors\\collector_service.py": 1776719207.8820515,
  "backend\\app\\collectors\\compliance_service.py": 1776719305.9404364,
  "backend\\app\\db\\engine.py": 1776449574.3114357,
  "backend\\app\\models\\orm.py": 1776449575.094962,
  "backend\\app\\models\\urm.py": 1776418003.5356293,
  "backend\\app\\services\\ai_engine.py": 1776719283.9683025,
  "backend\\app\\services\\ai_remediation_agent.py": 1776450776.694808,
  "backend\\app\\services\\event_bus.py": 1776450753.1384819,
  "backend\\app\\services\\heuristic_engine.py": 1776719225.6965396,
  "backend\\app\\services\\mock_multi_cloud.py": 1776447206.5152786,
  "backend\\app\\services\\remediation_engine.py": 1776449672.5630207,
  "backend\\app\\services\\zombie_scanner.py": 1776447737.3340347,
  "backend\\app\\tasks\\celery_worker.py": 1776449615.9843843,
  "frontend-next\\eslint.config.mjs": 1776417973.1710703,
  "frontend-next\\next-env.d.ts": 1776779709.8801105,
  "frontend-next\\next.config.ts": 1776720322.334277,
  "frontend-next\\postcss.config.mjs": 1776417973.1989872,
  "frontend-next\\src\\app\\layout.tsx": 1776720418.3196568,
  "frontend-next\\src\\app\\page.tsx": 1776779749.5666032,
  "frontend-next\\src\\app\\(dashboard)\\layout.tsx": 1776757705.037876,
  "frontend-next\\src\\app\\(dashboard)\\compliance\\page.tsx": 1776779739.5630279,
  "frontend-next\\src\\app\\(dashboard)\\cost-explorer\\page.tsx": 1776779742.473241,
  "frontend-next\\src\\app\\(dashboard)\\dashboard\\page.tsx": 1776758193.1856208,
  "frontend-next\\src\\app\\(dashboard)\\notifications\\page.tsx": 1776779743.8163023,
  "frontend-next\\src\\app\\(dashboard)\\recommendations\\page.tsx": 1776779745.4593728,
  "frontend-next\\src\\app\\(dashboard)\\resources\\page.tsx": 1776758210.3843806,
  "frontend-next\\src\\app\\(dashboard)\\resources\\[id]\\page.tsx": 1776720749.5638804,
  "frontend-next\\src\\app\\(dashboard)\\settings\\page.tsx": 1776779747.500161,
  "frontend-next\\src\\app\\login\\page.tsx": 1776757111.9538062,
  "frontend-next\\src\\app\\signup\\page.tsx": 1776757132.110471,
  "frontend-next\\src\\components\\layout\\Navbar.tsx": 1776779732.0348096,
  "frontend-next\\src\\components\\layout\\Sidebar.tsx": 1776757723.9392364,
  "frontend-next\\src\\components\\ui\\GlassCard.tsx": 1776757695.6012201,
  "frontend-next\\src\\components\\ui\\KpiWidget.tsx": 1776758088.1375668,
  "frontend-next\\src\\components\\ui\\RemediationModal.tsx": 1776758126.002551,
  "frontend-next\\src\\components\\ui\\Skeleton.tsx": 1776758080.6835694,
  "frontend-next\\src\\components\\ui\\ToggleSwitch.tsx": 1776758082.210326,
  "frontend-next\\src\\context\\PreferencesContext.tsx": 1776719828.4238012,
  "frontend-next\\src\\lib\\api.ts": 1776779538.7847874,
  "frontend-next\\src\\lib\\mock-data.ts": 1776449010.7029202,
  "frontend-next\\src\\lib\\store.ts": 1776720359.0845256,
  "frontend-next\\src\\lib\\use-fetch.ts": 1776720365.2304478,
  "frontend-next\\src\\lib\\utils.ts": 1776448977.572721,
  "doc_content.txt": 1776719138.7706015,
  "backend\\requirements.txt": 1776757208.9255996,
  "frontend-next\\AGENTS.md": 1776418063.660241,
  "frontend-next\\CLAUDE.md": 1776418063.6608071,
  "frontend-next\\README.md": 1776417973.1341197,
  "graphify-out\\GRAPH_REPORT.md": 1776795784.6405425,
  "memory\\PRD.md": 1776399935.8256595,
  "frontend-next\\public\\file.svg": 1776417973.2084284,
  "frontend-next\\public\\globe.svg": 1776417973.2186663,
  "frontend-next\\public\\next.svg": 1776417973.2423308,
  "frontend-next\\public\\vercel.svg": 1776417973.2635942,
  "frontend-next\\public\\window.svg": 1776417973.2745054,
  "test_video.mp4": 1776446656.4614813
}